{
  "model_name": "TF-IDF + Logistic Regression (Baseline)",
  "model_params": {
    "tfidf": {
      "max_features": 5000,
      "ngram_range": [
        1,
        2
      ],
      "max_df": 0.95,
      "min_df": 2
    },
    "logistic_regression": {
      "max_iter": 1000,
      "class_weight": "balanced",
      "solver": "saga"
    }
  },
  "train": {
    "accuracy": 0.8979627071823204,
    "precision": 0.9732691793638064,
    "recall": 0.8811713455953534,
    "f1": 0.9249333163978153,
    "roc_auc": 0.9688021021647092
  },
  "validation": {
    "accuracy": 0.8674456083803385,
    "precision": 0.9461633663366337,
    "recall": 0.8633540372670807,
    "f1": 0.9028638913492767,
    "roc_auc": 0.9439603996566022
  },
  "test": {
    "accuracy": 0.8634716069271043,
    "precision": 0.9514501891551072,
    "recall": 0.8520609824957651,
    "f1": 0.8990169794459338,
    "roc_auc": 0.9437417126107892
  },
  "feature_importance": {
    "top_positive_words": [
      [
        "great",
        7.333676273775187
      ],
      [
        "awesome",
        5.8845994873045715
      ],
      [
        "easy",
        5.248507315171596
      ],
      [
        "love",
        4.852915802517721
      ],
      [
        "amazing",
        4.351966723760779
      ],
      [
        "fun",
        3.8576373509310256
      ],
      [
        "excellent",
        3.8569335724046407
      ],
      [
        "wonderful",
        3.769215363071836
      ],
      [
        "funny",
        3.7541842457208756
      ],
      [
        "good professor",
        3.45570302108425
      ]
    ],
    "top_negative_words": [
      [
        "horrible",
        -4.634897074639471
      ],
      [
        "avoid",
        -4.306607190965625
      ],
      [
        "rude",
        -4.164998306594867
      ],
      [
        "terrible",
        -3.803406670257643
      ],
      [
        "unclear",
        -3.8017724599754126
      ],
      [
        "bad teacher",
        -3.627255470427426
      ],
      [
        "awful",
        -3.6023000589246674
      ],
      [
        "bad",
        -3.528910600660876
      ],
      [
        "doesn",
        -3.5136148348366794
      ],
      [
        "bad professor",
        -3.246893998424895
      ]
    ]
  }
}