{
  "model": "Baseline (TF-IDF + LogReg) - Optuna Optimized",
  "best_params": {
    "max_features": 10000,
    "ngram_max": 3,
    "min_df": 3,
    "max_df": 0.9,
    "C": 9.80777812086547,
    "max_iter": 500
  },
  "train": {
    "accuracy": 0.9534703038674033,
    "precision": 0.9964014908109498,
    "recall": 0.9381655372700871,
    "f1": 0.9664069803677158,
    "roc_auc": 0.9949736992500495
  },
  "validation": {
    "accuracy": 0.8795326349717969,
    "precision": 0.9365361803084223,
    "recall": 0.8915866741953699,
    "f1": 0.9135088226786231,
    "roc_auc": 0.9449372250693109
  },
  "test": {
    "accuracy": 0.8711236407571487,
    "precision": 0.939963614311704,
    "recall": 0.8752117447769622,
    "f1": 0.9064327485380117,
    "roc_auc": 0.942664748539199
  }
}