{
  "train_loss": [
    0.49699673682286594,
    0.4314742274376569,
    0.4133568662141568,
    0.4029536131172549,
    0.3975681413109131,
    0.38903265590496483,
    0.38994126861595974,
    0.37509525538478766,
    0.37348897697517225,
    0.3677047572577197,
    0.36060380145331117,
    0.34591703059264967,
    0.3448530484958248,
    0.3383064785385659
  ],
  "train_acc": [
    0.7564744475138122,
    0.7986878453038674,
    0.798860497237569,
    0.8065435082872928,
    0.8081837016574586,
    0.8108598066298343,
    0.8091332872928176,
    0.818542817679558,
    0.818024861878453,
    0.8224274861878453,
    0.821564226519337,
    0.8305421270718232,
    0.8280386740331491,
    0.8338225138121547
  ],
  "val_loss": [
    0.4054285593521901,
    0.39424082789665615,
    0.3864952776676569,
    0.3867838780085246,
    0.3938184923086411,
    0.38149124995256084,
    0.4155882658102574,
    0.38308153931911176,
    0.3785007561628635,
    0.3962502319079179,
    0.3828688806448227,
    0.3784970094760259,
    0.39013293309089464,
    0.37882461074071055
  ],
  "val_acc": [
    0.8106365834004835,
    0.8094278807413376,
    0.8215149073327961,
    0.8094278807413376,
    0.8380338436744561,
    0.8094278807413376,
    0.8408541498791298,
    0.8331990330378727,
    0.8025785656728445,
    0.7852538275584207,
    0.8174858984689767,
    0.8106365834004835,
    0.8287671232876712,
    0.8267526188557615
  ],
  "val_precision": [
    0.8973732437385461,
    0.9292328042328042,
    0.923469387755102,
    0.9338235294117647,
    0.9096349491322562,
    0.9361559139784946,
    0.8958573072497124,
    0.9170251997541488,
    0.9372013651877134,
    0.9466089466089466,
    0.931282722513089,
    0.9446343130553657,
    0.9144088669950738,
    0.9246358454718177
  ],
  "val_recall": [
    0.8294748729531338,
    0.7933370976849238,
    0.8176171654432524,
    0.7888198757763976,
    0.8582721626199887,
    0.7865612648221344,
    0.8791643139469226,
    0.8424618859401468,
    0.7752682100508187,
    0.740824392998306,
    0.8035008469791078,
    0.7803500846979108,
    0.8385093167701864,
    0.8243929983060417
  ],
  "val_f1": [
    0.8620892018779343,
    0.8559244593359732,
    0.8673255465708296,
    0.8552188552188552,
    0.8832074375363161,
    0.8548634550475606,
    0.8874323168994015,
    0.8781636256621542,
    0.8485784919653894,
    0.8311688311688312,
    0.8626856623219157,
    0.8546691403834261,
    0.8748159057437408,
    0.8716417910447761
  ],
  "learning_rates": [
    0.001,
    0.001,
    0.001,
    0.001,
    0.001,
    0.001,
    0.001,
    0.001,
    0.001,
    0.001,
    0.0005,
    0.0005,
    0.0005,
    0.0005
  ]
}