{
  "train_loss": [
    0.3988485778398935,
    0.23289158010021757,
    0.16923969728841307,
    0.14514115891156934,
    0.11937730613252076,
    0.11465109098517434,
    0.1022243851188632,
    0.08808279364724844,
    0.09531845352020711,
    0.07849154222077427,
    0.06290035104142368,
    0.06351301654303725
  ],
  "train_acc": [
    0.8019682320441989,
    0.8928694751381215,
    0.9173860497237569,
    0.9263639502762431,
    0.9375,
    0.9386222375690608,
    0.945010359116022,
    0.9497582872928176,
    0.948549723756906,
    0.9553694751381215,
    0.9601174033149171,
    0.9603763812154696
  ],
  "val_loss": [
    0.30421976821544844,
    0.32055032826386964,
    0.4168757696946462,
    0.45975225361493915,
    0.5227786375161929,
    0.5233952353398005,
    0.5171487931257639,
    0.6310182848037817,
    0.6250202617584131,
    0.5807224454788061,
    0.6503262397570487,
    0.6589213758707047
  ],
  "val_acc": [
    0.8557614826752619,
    0.8581788879935536,
    0.8553585817888799,
    0.8650282030620468,
    0.8646253021756648,
    0.8618049959709911,
    0.8557614826752619,
    0.863416599516519,
    0.8646253021756648,
    0.8573730862207897,
    0.8601933924254633,
    0.8525382755842063
  ],
  "val_precision": [
    0.948002536461636,
    0.9448275862068966,
    0.9363411619283065,
    0.9278903456495828,
    0.9213153258954786,
    0.9234875444839857,
    0.9321100917431193,
    0.9266984505363528,
    0.9283582089552239,
    0.9296543359611886,
    0.9268585131894485,
    0.9317762753534112
  ],
  "val_recall": [
    0.8441558441558441,
    0.8509316770186336,
    0.8554488989271598,
    0.8791643139469226,
    0.885940146809712,
    0.8791643139469226,
    0.8605307735742518,
    0.8780350084697911,
    0.8780350084697911,
    0.8656126482213439,
    0.872953133822699,
    0.8560135516657256
  ],
  "val_f1": [
    0.8930704898446834,
    0.8954248366013072,
    0.8940690469164946,
    0.9028703972165845,
    0.9032815198618307,
    0.9007810240092565,
    0.8948913681738109,
    0.9017106407654393,
    0.9024956471271038,
    0.8964912280701754,
    0.8990985751671998,
    0.8922895821071218
  ],
  "learning_rates": [
    0.001,
    0.001,
    0.001,
    0.001,
    0.001,
    0.001,
    0.001,
    0.001,
    0.0005,
    0.0005,
    0.0005,
    0.0005
  ]
}