{
  "model": "MLP (GloVe) - Optuna Optimized",
  "best_params": {
    "hidden_1": 256,
    "hidden_2": 96,
    "dropout": 0.2,
    "lr": 0.0027225822428756457,
    "batch_size": 64
  },
  "train": {
    "accuracy": 0.8823377071823204,
    "precision": 0.9298617167061168,
    "recall": 0.9031945788964182,
    "f1": 0.9163341722423424,
    "roc_auc": 0.9553810838708173
  },
  "validation": {
    "accuracy": 0.8424657534246576,
    "precision": 0.8951890034364262,
    "recall": 0.8825522303783173,
    "f1": 0.8888257037247654,
    "roc_auc": 0.9063994771204458
  },
  "test": {
    "accuracy": 0.8360853805879984,
    "precision": 0.8983644859813084,
    "recall": 0.8684359119141728,
    "f1": 0.883146712604077,
    "roc_auc": 0.9053734797200844
  }
}