{
  "train_loss": [
    0.1688046119901357,
    0.14708756752188692,
    0.12298092021714917,
    0.1133848864955632,
    0.10574532007973497,
    0.0828610192881434,
    0.0699233783007656,
    0.06380844493885396
  ],
  "train_acc": [
    0.9187672651933702,
    0.9253280386740331,
    0.9368957182320442,
    0.9390538674033149,
    0.9441470994475138,
    0.9535566298342542,
    0.9573549723756906,
    0.959685773480663
  ],
  "val_loss": [
    0.38549123780849653,
    0.42610834080439347,
    0.4655919638581765,
    0.5622425961952943,
    0.56390935755693,
    0.5585627452685282,
    0.6305172344048818,
    0.6270235597323148
  ],
  "val_acc": [
    0.863013698630137,
    0.8533440773569702,
    0.8614020950846092,
    0.8577759871071716,
    0.8553585817888799,
    0.8605962933118453,
    0.8618049959709911,
    0.8577759871071716
  ],
  "val_f1": [
    0.9002347417840375,
    0.8917311124330756,
    0.8988235294117647,
    0.8971744829595106,
    0.8942562592047129,
    0.8988304093567251,
    0.8998540145985402,
    0.8958394806727649
  ]
}