{
  "model": "MLP (TF-IDF) - Optuna Optimized",
  "best_params": {
    "max_features": 3000,
    "hidden_1": 768,
    "hidden_2": 256,
    "hidden_3": 64,
    "dropout": 0.4,
    "lr": 0.0004535633806196736,
    "batch_size": 128
  },
  "train": {
    "accuracy": 0.9646926795580111,
    "precision": 0.9978451007732285,
    "recall": 0.952565343659245,
    "f1": 0.9746796260756516,
    "roc_auc": 0.9978128936365014
  },
  "validation": {
    "accuracy": 0.8698630136986302,
    "precision": 0.9284023668639053,
    "recall": 0.885940146809712,
    "f1": 0.9066743715689107,
    "roc_auc": 0.9314804623004953
  },
  "test": {
    "accuracy": 0.8586387434554974,
    "precision": 0.937731196054254,
    "recall": 0.8588368153585545,
    "f1": 0.896551724137931,
    "roc_auc": 0.9303605529790189
  }
}